[
  {
    "model": "auth.permission",
    "pk": 1,
    "fields": {
      "name": "Can add log entry",
      "content_type": 1,
      "codename": "add_logentry"
    }
  },
  {
    "model": "auth.permission",
    "pk": 2,
    "fields": {
      "name": "Can change log entry",
      "content_type": 1,
      "codename": "change_logentry"
    }
  },
  {
    "model": "auth.permission",
    "pk": 3,
    "fields": {
      "name": "Can delete log entry",
      "content_type": 1,
      "codename": "delete_logentry"
    }
  },
  {
    "model": "auth.permission",
    "pk": 4,
    "fields": {
      "name": "Can view log entry",
      "content_type": 1,
      "codename": "view_logentry"
    }
  },
  {
    "model": "auth.permission",
    "pk": 5,
    "fields": {
      "name": "Can add permission",
      "content_type": 2,
      "codename": "add_permission"
    }
  },
  {
    "model": "auth.permission",
    "pk": 6,
    "fields": {
      "name": "Can change permission",
      "content_type": 2,
      "codename": "change_permission"
    }
  },
  {
    "model": "auth.permission",
    "pk": 7,
    "fields": {
      "name": "Can delete permission",
      "content_type": 2,
      "codename": "delete_permission"
    }
  },
  {
    "model": "auth.permission",
    "pk": 8,
    "fields": {
      "name": "Can view permission",
      "content_type": 2,
      "codename": "view_permission"
    }
  },
  {
    "model": "auth.permission",
    "pk": 9,
    "fields": {
      "name": "Can add group",
      "content_type": 3,
      "codename": "add_group"
    }
  },
  {
    "model": "auth.permission",
    "pk": 10,
    "fields": {
      "name": "Can change group",
      "content_type": 3,
      "codename": "change_group"
    }
  },
  {
    "model": "auth.permission",
    "pk": 11,
    "fields": {
      "name": "Can delete group",
      "content_type": 3,
      "codename": "delete_group"
    }
  },
  {
    "model": "auth.permission",
    "pk": 12,
    "fields": {
      "name": "Can view group",
      "content_type": 3,
      "codename": "view_group"
    }
  },
  {
    "model": "auth.permission",
    "pk": 13,
    "fields": {
      "name": "Can add content type",
      "content_type": 4,
      "codename": "add_contenttype"
    }
  },
  {
    "model": "auth.permission",
    "pk": 14,
    "fields": {
      "name": "Can change content type",
      "content_type": 4,
      "codename": "change_contenttype"
    }
  },
  {
    "model": "auth.permission",
    "pk": 15,
    "fields": {
      "name": "Can delete content type",
      "content_type": 4,
      "codename": "delete_contenttype"
    }
  },
  {
    "model": "auth.permission",
    "pk": 16,
    "fields": {
      "name": "Can view content type",
      "content_type": 4,
      "codename": "view_contenttype"
    }
  },
  {
    "model": "auth.permission",
    "pk": 17,
    "fields": {
      "name": "Can add session",
      "content_type": 5,
      "codename": "add_session"
    }
  },
  {
    "model": "auth.permission",
    "pk": 18,
    "fields": {
      "name": "Can change session",
      "content_type": 5,
      "codename": "change_session"
    }
  },
  {
    "model": "auth.permission",
    "pk": 19,
    "fields": {
      "name": "Can delete session",
      "content_type": 5,
      "codename": "delete_session"
    }
  },
  {
    "model": "auth.permission",
    "pk": 20,
    "fields": {
      "name": "Can view session",
      "content_type": 5,
      "codename": "view_session"
    }
  },
  {
    "model": "auth.permission",
    "pk": 21,
    "fields": {
      "name": "Can add Token",
      "content_type": 6,
      "codename": "add_token"
    }
  },
  {
    "model": "auth.permission",
    "pk": 22,
    "fields": {
      "name": "Can change Token",
      "content_type": 6,
      "codename": "change_token"
    }
  },
  {
    "model": "auth.permission",
    "pk": 23,
    "fields": {
      "name": "Can delete Token",
      "content_type": 6,
      "codename": "delete_token"
    }
  },
  {
    "model": "auth.permission",
    "pk": 24,
    "fields": {
      "name": "Can view Token",
      "content_type": 6,
      "codename": "view_token"
    }
  },
  {
    "model": "auth.permission",
    "pk": 25,
    "fields": {
      "name": "Can add category",
      "content_type": 7,
      "codename": "add_category"
    }
  },
  {
    "model": "auth.permission",
    "pk": 26,
    "fields": {
      "name": "Can change category",
      "content_type": 7,
      "codename": "change_category"
    }
  },
  {
    "model": "auth.permission",
    "pk": 27,
    "fields": {
      "name": "Can delete category",
      "content_type": 7,
      "codename": "delete_category"
    }
  },
  {
    "model": "auth.permission",
    "pk": 28,
    "fields": {
      "name": "Can view category",
      "content_type": 7,
      "codename": "view_category"
    }
  },
  {
    "model": "auth.permission",
    "pk": 29,
    "fields": {
      "name": "Can add genre",
      "content_type": 8,
      "codename": "add_genre"
    }
  },
  {
    "model": "auth.permission",
    "pk": 30,
    "fields": {
      "name": "Can change genre",
      "content_type": 8,
      "codename": "change_genre"
    }
  },
  {
    "model": "auth.permission",
    "pk": 31,
    "fields": {
      "name": "Can delete genre",
      "content_type": 8,
      "codename": "delete_genre"
    }
  },
  {
    "model": "auth.permission",
    "pk": 32,
    "fields": {
      "name": "Can view genre",
      "content_type": 8,
      "codename": "view_genre"
    }
  },
  {
    "model": "auth.permission",
    "pk": 33,
    "fields": {
      "name": "Can add title",
      "content_type": 9,
      "codename": "add_title"
    }
  },
  {
    "model": "auth.permission",
    "pk": 34,
    "fields": {
      "name": "Can change title",
      "content_type": 9,
      "codename": "change_title"
    }
  },
  {
    "model": "auth.permission",
    "pk": 35,
    "fields": {
      "name": "Can delete title",
      "content_type": 9,
      "codename": "delete_title"
    }
  },
  {
    "model": "auth.permission",
    "pk": 36,
    "fields": {
      "name": "Can view title",
      "content_type": 9,
      "codename": "view_title"
    }
  },
  {
    "model": "auth.permission",
    "pk": 37,
    "fields": {
      "name": "Can add review",
      "content_type": 10,
      "codename": "add_review"
    }
  },
  {
    "model": "auth.permission",
    "pk": 38,
    "fields": {
      "name": "Can change review",
      "content_type": 10,
      "codename": "change_review"
    }
  },
  {
    "model": "auth.permission",
    "pk": 39,
    "fields": {
      "name": "Can delete review",
      "content_type": 10,
      "codename": "delete_review"
    }
  },
  {
    "model": "auth.permission",
    "pk": 40,
    "fields": {
      "name": "Can view review",
      "content_type": 10,
      "codename": "view_review"
    }
  },
  {
    "model": "auth.permission",
    "pk": 41,
    "fields": {
      "name": "Can add comment",
      "content_type": 11,
      "codename": "add_comment"
    }
  },
  {
    "model": "auth.permission",
    "pk": 42,
    "fields": {
      "name": "Can change comment",
      "content_type": 11,
      "codename": "change_comment"
    }
  },
  {
    "model": "auth.permission",
    "pk": 43,
    "fields": {
      "name": "Can delete comment",
      "content_type": 11,
      "codename": "delete_comment"
    }
  },
  {
    "model": "auth.permission",
    "pk": 44,
    "fields": {
      "name": "Can view comment",
      "content_type": 11,
      "codename": "view_comment"
    }
  },
  {
    "model": "auth.permission",
    "pk": 45,
    "fields": {
      "name": "Can add user",
      "content_type": 12,
      "codename": "add_mytitlesuser"
    }
  },
  {
    "model": "auth.permission",
    "pk": 46,
    "fields": {
      "name": "Can change user",
      "content_type": 12,
      "codename": "change_mytitlesuser"
    }
  },
  {
    "model": "auth.permission",
    "pk": 47,
    "fields": {
      "name": "Can delete user",
      "content_type": 12,
      "codename": "delete_mytitlesuser"
    }
  },
  {
    "model": "auth.permission",
    "pk": 48,
    "fields": {
      "name": "Can view user",
      "content_type": 12,
      "codename": "view_mytitlesuser"
    }
  },
  {
    "model": "auth.permission",
    "pk": 49,
    "fields": {
      "name": "Can add change set",
      "content_type": 13,
      "codename": "add_changeset"
    }
  },
  {
    "model": "auth.permission",
    "pk": 50,
    "fields": {
      "name": "Can change change set",
      "content_type": 13,
      "codename": "change_changeset"
    }
  },
  {
    "model": "auth.permission",
    "pk": 51,
    "fields": {
      "name": "Can delete change set",
      "content_type": 13,
      "codename": "delete_changeset"
    }
  },
  {
    "model": "auth.permission",
    "pk": 52,
    "fields": {
      "name": "Can view change set",
      "content_type": 13,
      "codename": "view_changeset"
    }
  },
  {
    "model": "auth.permission",
    "pk": 53,
    "fields": {
      "name": "Can add soft delete record",
      "content_type": 14,
      "codename": "add_softdeleterecord"
    }
  },
  {
    "model": "auth.permission",
    "pk": 54,
    "fields": {
      "name": "Can change soft delete record",
      "content_type": 14,
      "codename": "change_softdeleterecord"
    }
  },
  {
    "model": "auth.permission",
    "pk": 55,
    "fields": {
      "name": "Can delete soft delete record",
      "content_type": 14,
      "codename": "delete_softdeleterecord"
    }
  },
  {
    "model": "auth.permission",
    "pk": 56,
    "fields": {
      "name": "Can view soft delete record",
      "content_type": 14,
      "codename": "view_softdeleterecord"
    }
  },
  {
    "model": "auth.permission",
    "pk": 57,
    "fields": {
      "name": "Can undelete this object",
      "content_type": 7,
      "codename": "can_undelete"
    }
  },
  {
    "model": "auth.permission",
    "pk": 58,
    "fields": {
      "name": "Can undelete this object",
      "content_type": 8,
      "codename": "can_undelete"
    }
  },
  {
    "model": "contenttypes.contenttype",
    "pk": 1,
    "fields": {
      "app_label": "admin",
      "model": "logentry"
    }
  },
  {
    "model": "contenttypes.contenttype",
    "pk": 2,
    "fields": {
      "app_label": "auth",
      "model": "permission"
    }
  },
  {
    "model": "contenttypes.contenttype",
    "pk": 3,
    "fields": {
      "app_label": "auth",
      "model": "group"
    }
  },
  {
    "model": "contenttypes.contenttype",
    "pk": 4,
    "fields": {
      "app_label": "contenttypes",
      "model": "contenttype"
    }
  },
  {
    "model": "contenttypes.contenttype",
    "pk": 5,
    "fields": {
      "app_label": "sessions",
      "model": "session"
    }
  },
  {
    "model": "contenttypes.contenttype",
    "pk": 6,
    "fields": {
      "app_label": "authtoken",
      "model": "token"
    }
  },
  {
    "model": "contenttypes.contenttype",
    "pk": 7,
    "fields": {
      "app_label": "titles",
      "model": "category"
    }
  },
  {
    "model": "contenttypes.contenttype",
    "pk": 8,
    "fields": {
      "app_label": "titles",
      "model": "genre"
    }
  },
  {
    "model": "contenttypes.contenttype",
    "pk": 9,
    "fields": {
      "app_label": "titles",
      "model": "title"
    }
  },
  {
    "model": "contenttypes.contenttype",
    "pk": 10,
    "fields": {
      "app_label": "titles",
      "model": "review"
    }
  },
  {
    "model": "contenttypes.contenttype",
    "pk": 11,
    "fields": {
      "app_label": "titles",
      "model": "comment"
    }
  },
  {
    "model": "contenttypes.contenttype",
    "pk": 12,
    "fields": {
      "app_label": "users",
      "model": "mytitlesuser"
    }
  },
  {
    "model": "contenttypes.contenttype",
    "pk": 13,
    "fields": {
      "app_label": "softdelete",
      "model": "changeset"
    }
  },
  {
    "model": "contenttypes.contenttype",
    "pk": 14,
    "fields": {
      "app_label": "softdelete",
      "model": "softdeleterecord"
    }
  },
  {
    "model": "softdelete.changeset",
    "pk": 1,
    "fields": {
      "created_date": "2023-03-31T08:44:26.539Z",
      "content_type": 7,
      "object_id": "4"
    }
  },
  {
    "model": "softdelete.changeset",
    "pk": 2,
    "fields": {
      "created_date": "2023-03-31T09:37:23.034Z",
      "content_type": 7,
      "object_id": "5"
    }
  },
  {
    "model": "softdelete.changeset",
    "pk": 6,
    "fields": {
      "created_date": "2023-03-31T14:50:48.733Z",
      "content_type": 7,
      "object_id": "None"
    }
  },
  {
    "model": "softdelete.softdeleterecord",
    "pk": 1,
    "fields": {
      "changeset": 1,
      "created_date": "2023-03-31T08:44:26.577Z",
      "content_type": 7,
      "object_id": "4"
    }
  },
  {
    "model": "softdelete.softdeleterecord",
    "pk": 2,
    "fields": {
      "changeset": 2,
      "created_date": "2023-03-31T09:37:23.065Z",
      "content_type": 7,
      "object_id": "5"
    }
  },
  {
    "model": "sessions.session",
    "pk": "dqqatgmse00ip6j0imyyqahy00lwtswd",
    "fields": {
      "session_data": ".eJxVjDsOwjAQBe_iGln-rR1T0nMGa-1d4wBKpDipEHeHSCmgfTPzXiLhtra0dV7SSOIstAJx-l0zlgdPO6I7TrdZlnlalzHLXZEH7fI6Ez8vh_t30LC3b40Ug1EcDQSInJHBhBqyrsqRJrBguRblBmes0QEMFe_1ANUjB-tyFu8PIVI32g:1py8dt:mRdo2lsjfbsXljt_8o2C3J7XlNWGNLndLEUSS6F3dTw",
      "expire_date": "2023-05-28T10:07:53.547Z"
    }
  },
  {
    "model": "titles.title",
    "pk": 1,
    "fields": {
      "category": null,
      "name": "Побег из Шоушенка",
      "year": 1994,
      "rating": 7.666666666666667,
      "description": null,
      "genre": [
        1
      ]
    }
  },
  {
    "model": "titles.title",
    "pk": 2,
    "fields": {
      "category": null,
      "name": "Крестный отец",
      "year": 1972,
      "rating": 4.666666666666667,
      "description": null,
      "genre": [
        1
      ]
    }
  },
  {
    "model": "titles.title",
    "pk": 3,
    "fields": {
      "category": null,
      "name": "12 разгневанных мужчин",
      "year": 1957,
      "rating": 7.5,
      "description": null,
      "genre": [
        1
      ]
    }
  },
  {
    "model": "titles.title",
    "pk": 4,
    "fields": {
      "category": null,
      "name": "Список Шиндлера",
      "year": 1993,
      "rating": 9.0,
      "description": null,
      "genre": [
        1
      ]
    }
  },
  {
    "model": "titles.title",
    "pk": 5,
    "fields": {
      "category": null,
      "name": "Криминальное чтиво",
      "year": 1994,
      "rating": 5.666666666666667,
      "description": null,
      "genre": [
        2,
        6,
        7
      ]
    }
  },
  {
    "model": "titles.title",
    "pk": 6,
    "fields": {
      "category": null,
      "name": "Хороший, плохой, злой",
      "year": 1966,
      "rating": 7.0,
      "description": null,
      "genre": [
        3
      ]
    }
  },
  {
    "model": "titles.title",
    "pk": 7,
    "fields": {
      "category": null,
      "name": "Властелин колец: Братство кольца",
      "year": 2001,
      "rating": 4.5,
      "description": null,
      "genre": [
        4
      ]
    }
  },
  {
    "model": "titles.title",
    "pk": 8,
    "fields": {
      "category": null,
      "name": "Бойцовский клуб",
      "year": 1999,
      "rating": 2.0,
      "description": null,
      "genre": [
        7
      ]
    }
  },
  {
    "model": "titles.title",
    "pk": 9,
    "fields": {
      "category": null,
      "name": "Форрест Гамп",
      "year": 1994,
      "rating": 7.0,
      "description": null,
      "genre": [
        1,
        2
      ]
    }
  },
  {
    "model": "titles.title",
    "pk": 10,
    "fields": {
      "category": null,
      "name": "Звёздные войны. Эпизод 5: Империя наносит ответный удар",
      "year": 1980,
      "rating": 6.0,
      "description": null,
      "genre": [
        4
      ]
    }
  },
  {
    "model": "titles.title",
    "pk": 11,
    "fields": {
      "category": null,
      "name": "Властелин колец: Две крепости",
      "year": 2002,
      "rating": 4.0,
      "description": null,
      "genre": [
        4
      ]
    }
  },
  {
    "model": "titles.title",
    "pk": 12,
    "fields": {
      "category": null,
      "name": "Матрица",
      "year": 1999,
      "rating": 9.0,
      "description": null,
      "genre": [
        1,
        5,
        6,
        8
      ]
    }
  },
  {
    "model": "titles.title",
    "pk": 13,
    "fields": {
      "category": null,
      "name": "Пролетая над гнездом кукушки",
      "year": 1975,
      "rating": 3.6666666666666665,
      "description": null,
      "genre": [
        1
      ]
    }
  },
  {
    "model": "titles.title",
    "pk": 14,
    "fields": {
      "category": null,
      "name": "Назад в будущее",
      "year": 1985,
      "rating": 6.333333333333333,
      "description": null,
      "genre": [
        5
      ]
    }
  },
  {
    "model": "titles.title",
    "pk": 15,
    "fields": {
      "category": null,
      "name": "Операция «Ы» и другие приключения Шурика",
      "year": 1965,
      "rating": 4.666666666666667,
      "description": null,
      "genre": [
        2,
        6,
        8
      ]
    }
  },
  {
    "model": "titles.title",
    "pk": 16,
    "fields": {
      "category": null,
      "name": "Карты, деньги, два ствола",
      "year": 1998,
      "rating": 4.333333333333333,
      "description": null,
      "genre": [
        2
      ]
    }
  },
  {
    "model": "titles.title",
    "pk": 17,
    "fields": {
      "category": null,
      "name": "Джентльмены удачи ",
      "year": 1971,
      "rating": 7.5,
      "description": null,
      "genre": [
        2
      ]
    }
  },
  {
    "model": "titles.title",
    "pk": 18,
    "fields": {
      "category": null,
      "name": "Джанго освобожденный",
      "year": 2012,
      "rating": 5.0,
      "description": null,
      "genre": [
        1
      ]
    }
  },
  {
    "model": "titles.title",
    "pk": 19,
    "fields": {
      "category": null,
      "name": "Generation П",
      "year": 2011,
      "rating": 9.0,
      "description": null,
      "genre": [
        1
      ]
    }
  },
  {
    "model": "titles.title",
    "pk": 20,
    "fields": {
      "category": 2,
      "name": "Колобок",
      "year": 1873,
      "rating": 10.0,
      "description": null,
      "genre": [
        7,
        8
      ]
    }
  },
  {
    "model": "titles.title",
    "pk": 21,
    "fields": {
      "category": 2,
      "name": "Страх и ненависть в Лас-Вегасе",
      "year": 1971,
      "rating": 5.5,
      "description": null,
      "genre": [
        9
      ]
    }
  },
  {
    "model": "titles.title",
    "pk": 22,
    "fields": {
      "category": 2,
      "name": "Война и мир",
      "year": 1865,
      "rating": 9.333333333333334,
      "description": null,
      "genre": [
        10
      ]
    }
  },
  {
    "model": "titles.title",
    "pk": 23,
    "fields": {
      "category": 2,
      "name": "Улисс",
      "year": 1918,
      "rating": 6.428571428571429,
      "description": null,
      "genre": [
        10
      ]
    }
  },
  {
    "model": "titles.title",
    "pk": 24,
    "fields": {
      "category": 2,
      "name": "Generation П",
      "year": 1999,
      "rating": 5.5,
      "description": null,
      "genre": [
        10
      ]
    }
  },
  {
    "model": "titles.title",
    "pk": 25,
    "fields": {
      "category": 2,
      "name": "Винни Пух и все-все-все",
      "year": 1926,
      "rating": 10.0,
      "description": null,
      "genre": [
        8
      ]
    }
  },
  {
    "model": "titles.title",
    "pk": 26,
    "fields": {
      "category": 3,
      "name": "Стас Михайлов - Позывные на любовь",
      "year": 2004,
      "rating": 10.0,
      "description": null,
      "genre": [
        15
      ]
    }
  },
  {
    "model": "titles.title",
    "pk": 27,
    "fields": {
      "category": 3,
      "name": "Led Zeppelin — Stairway to Heaven",
      "year": 1971,
      "rating": 1.5,
      "description": null,
      "genre": [
        11,
        14
      ]
    }
  },
  {
    "model": "titles.title",
    "pk": 28,
    "fields": {
      "category": 3,
      "name": "Jethro Tull - Aqualung",
      "year": 1971,
      "rating": 10.0,
      "description": null,
      "genre": [
        11
      ]
    }
  },
  {
    "model": "titles.title",
    "pk": 29,
    "fields": {
      "category": 3,
      "name": "Elvis Presley - Blue Suede Shoes",
      "year": 1955,
      "rating": 10.0,
      "description": null,
      "genre": [
        12
      ]
    }
  },
  {
    "model": "titles.title",
    "pk": 30,
    "fields": {
      "category": 3,
      "name": "Deep Purple — Smoke on the Water",
      "year": 1971,
      "rating": 10.0,
      "description": null,
      "genre": [
        14
      ]
    }
  },
  {
    "model": "titles.title",
    "pk": 31,
    "fields": {
      "category": 3,
      "name": "Моцарт - Турецкий марш",
      "year": 1784,
      "rating": 8.0,
      "description": null,
      "genre": [
        13
      ]
    }
  },
  {
    "model": "titles.title",
    "pk": 32,
    "fields": {
      "category": 3,
      "name": "Бах. Оркестровая Сюита №2 си минор",
      "year": 1739,
      "rating": 10.0,
      "description": null,
      "genre": [
        13
      ]
    }
  },
  {
    "model": "titles.title",
    "pk": 33,
    "fields": {
      "category": null,
      "name": "Test Title",
      "year": null,
      "rating": null,
      "description": null,
      "genre": []
    }
  },
  {
    "model": "titles.title",
    "pk": 34,
    "fields": {
      "category": null,
      "name": "Test Title",
      "year": null,
      "rating": null,
      "description": null,
      "genre": []
    }
  },
  {
    "model": "titles.title",
    "pk": 35,
    "fields": {
      "category": null,
      "name": "Test Title",
      "year": null,
      "rating": null,
      "description": null,
      "genre": []
    }
  },
  {
    "model": "titles.title",
    "pk": 36,
    "fields": {
      "category": null,
      "name": "Test Title",
      "year": null,
      "rating": null,
      "description": null,
      "genre": []
    }
  },
  {
    "model": "titles.title",
    "pk": 37,
    "fields": {
      "category": null,
      "name": "Test Title",
      "year": null,
      "rating": null,
      "description": null,
      "genre": []
    }
  },
  {
    "model": "titles.title",
    "pk": 38,
    "fields": {
      "category": null,
      "name": "Test Title",
      "year": null,
      "rating": null,
      "description": null,
      "genre": []
    }
  },
  {
    "model": "titles.title",
    "pk": 39,
    "fields": {
      "category": null,
      "name": "Проект",
      "year": 2020,
      "rating": null,
      "description": "Главная драма года",
      "genre": [
        1
      ]
    }
  },
  {
    "model": "titles.title",
    "pk": 40,
    "fields": {
      "category": null,
      "name": "Поворот туда",
      "year": 2000,
      "rating": null,
      "description": "Крутое пике",
      "genre": []
    }
  },
  {
    "model": "titles.title",
    "pk": 41,
    "fields": {
      "category": 9,
      "name": "Оооо моя оборона",
      "year": 2000,
      "rating": null,
      "description": "Про Джареда Летова",
      "genre": []
    }
  },
  {
    "model": "titles.title",
    "pk": 42,
    "fields": {
      "category": null,
      "name": "Оооо моя оборона1",
      "year": 2000,
      "rating": null,
      "description": "Про Джареда Летова",
      "genre": []
    }
  },
  {
    "model": "titles.title",
    "pk": 43,
    "fields": {
      "category": 9,
      "name": "Оооо моя оборона1",
      "year": 2000,
      "rating": null,
      "description": "Про Джареда Летова",
      "genre": []
    }
  },
  {
    "model": "titles.category",
    "pk": 2,
    "fields": {
      "deleted_at": null,
      "name": "Книга",
      "slug": "book"
    }
  },
  {
    "model": "titles.category",
    "pk": 3,
    "fields": {
      "deleted_at": null,
      "name": "Музыка",
      "slug": "music"
    }
  },
  {
    "model": "titles.category",
    "pk": 8,
    "fields": {
      "deleted_at": null,
      "name": "test1",
      "slug": "test1"
    }
  },
  {
    "model": "titles.category",
    "pk": 9,
    "fields": {
      "deleted_at": null,
      "name": "Фильм",
      "slug": "films"
    }
  },
  {
    "model": "titles.genre",
    "pk": 1,
    "fields": {
      "deleted_at": null,
      "name": "Драма",
      "slug": "drama"
    }
  },
  {
    "model": "titles.genre",
    "pk": 2,
    "fields": {
      "deleted_at": null,
      "name": "Комедия",
      "slug": "comedy"
    }
  },
  {
    "model": "titles.genre",
    "pk": 3,
    "fields": {
      "deleted_at": null,
      "name": "Вестерн",
      "slug": "western"
    }
  },
  {
    "model": "titles.genre",
    "pk": 4,
    "fields": {
      "deleted_at": null,
      "name": "Фэнтези",
      "slug": "fantasy"
    }
  },
  {
    "model": "titles.genre",
    "pk": 5,
    "fields": {
      "deleted_at": null,
      "name": "Фантастика",
      "slug": "sci-fi"
    }
  },
  {
    "model": "titles.genre",
    "pk": 6,
    "fields": {
      "deleted_at": null,
      "name": "Детектив",
      "slug": "detective"
    }
  },
  {
    "model": "titles.genre",
    "pk": 7,
    "fields": {
      "deleted_at": null,
      "name": "Триллер",
      "slug": "thriller"
    }
  },
  {
    "model": "titles.genre",
    "pk": 8,
    "fields": {
      "deleted_at": null,
      "name": "Сказка",
      "slug": "tale"
    }
  },
  {
    "model": "titles.genre",
    "pk": 9,
    "fields": {
      "deleted_at": null,
      "name": "Гонзо",
      "slug": "gonzo"
    }
  },
  {
    "model": "titles.genre",
    "pk": 10,
    "fields": {
      "deleted_at": null,
      "name": "Роман",
      "slug": "roman"
    }
  },
  {
    "model": "titles.genre",
    "pk": 11,
    "fields": {
      "deleted_at": null,
      "name": "Баллада",
      "slug": "ballad"
    }
  },
  {
    "model": "titles.genre",
    "pk": 12,
    "fields": {
      "deleted_at": null,
      "name": "Rock-n-roll",
      "slug": "rock-n-roll"
    }
  },
  {
    "model": "titles.genre",
    "pk": 13,
    "fields": {
      "deleted_at": null,
      "name": "Классика",
      "slug": "classical"
    }
  },
  {
    "model": "titles.genre",
    "pk": 14,
    "fields": {
      "deleted_at": null,
      "name": "Рок",
      "slug": "rock"
    }
  },
  {
    "model": "titles.genre",
    "pk": 15,
    "fields": {
      "deleted_at": null,
      "name": "Шансон",
      "slug": "chanson"
    }
  },
  {
    "model": "titles.review",
    "pk": 1,
    "fields": {
      "title": 1,
      "author": 100,
      "text": "Ставлю десять звёзд!\n...Эти голоса были чище и светлее тех, о которых мечтали в этом сером, убогом месте. Как будто две птички влетели и своими голосами развеяли стены наших клеток, и на короткий миг каждый человек в Шоушенке почувствовал себя свободным.",
      "score": 10,
      "pub_date": "2019-09-24T21:08:21.567Z"
    }
  },
  {
    "model": "titles.review",
    "pk": 2,
    "fields": {
      "title": 1,
      "author": 101,
      "text": "Не привыкай\n«Эти стены имеют одно свойство: сначала ты их ненавидишь, потом привыкаешь, а потом не можешь без них жить»",
      "score": 10,
      "pub_date": "2019-09-24T21:08:21.567Z"
    }
  },
  {
    "model": "titles.review",
    "pk": 3,
    "fields": {
      "title": 2,
      "author": 102,
      "text": "Фильм, разобранный на цитаты, достоин высшей оценки. Десять с плюсом (жаль, тут плюса нет)\n\"Ты пришел и говоришь: \"Дон Корлеоне, мне нужна справедливость\". Но ты просишь без уважения, ты не предлагаешь дружбу, ты даже не назвал меня Крестным Отцом.\"",
      "score": 10,
      "pub_date": "2019-09-24T21:08:21.567Z"
    }
  },
  {
    "model": "titles.review",
    "pk": 4,
    "fields": {
      "title": 2,
      "author": 103,
      "text": "Жестокий, жестокий, жестокий мир, не о таком мечтали мы в детстве!!111\n***Отец сделал ему предложение, от которого он не смог отказаться. Лука Брази держал пистолет у его виска, и отец предложил выбор: либо на контракте мозги, либо подпись.***",
      "score": 1,
      "pub_date": "2019-09-24T21:08:21.567Z"
    }
  },
  {
    "model": "titles.review",
    "pk": 5,
    "fields": {
      "title": 2,
      "author": 104,
      "text": "Это мои соседи! Ставлю три звезды за то, что они дважды отдавили мне окном пальцы:\n----------------------\n— Вы живёте в плохом районе?\n— Не то слово. Однажды с нашей улицы угнали полицейскую машину с двумя полицейскими. В дом всё время лезут воры. Каждый раз, как я пытаюсь закрыть окно, прищемляю кому-нибудь пальцы.",
      "score": 3,
      "pub_date": "2019-09-24T21:08:21.567Z"
    }
  },
  {
    "model": "titles.review",
    "pk": 6,
    "fields": {
      "title": 5,
      "author": 100,
      "text": "Всё, как в разных языках программирования! В основном — похоже, но вот эти маленькие различия выводят из себя. \nВеликий фильм на все случаи жизни!\n=====================================================\n— А знаешь, как в Париже называют четвертьфунтовый чизбургер?\n— Что, они не зовут его четвертьфунтовый чизбургер?\n— У них там метрическая система. Они вообще там не понимают, что за хрен четверть фунта.\n— И как они его зовут?\n— Они зовут его «Роял чизбургер».\n— «Роял чизбургер»? А как же тогда они зовут «Биг Мак»?\n— «Биг Мак» это «Биг Мак», только они называют его «Лё Биг Мак».",
      "score": 8,
      "pub_date": "2019-09-24T21:08:21.567Z"
    }
  },
  {
    "model": "titles.review",
    "pk": 7,
    "fields": {
      "title": 5,
      "author": 101,
      "text": "Ничего не понятно. Они там что, страницы сценария перепутали? Его сперва убили, а потом он опять жив, а они сперва в футболках, потом в костюмах, а потом опять в футболках. Ерунда полная",
      "score": 1,
      "pub_date": "2019-09-24T21:08:21.567Z"
    }
  },
  {
    "model": "titles.review",
    "pk": 8,
    "fields": {
      "title": 5,
      "author": 102,
      "text": "Очень поучительный фильм о том, что такое хорошо, что такое плохо и почему не надо читать в туалете.\nТвердая восьмёрка",
      "score": 8,
      "pub_date": "2019-09-24T21:08:21.567Z"
    }
  },
  {
    "model": "titles.review",
    "pk": 9,
    "fields": {
      "title": 6,
      "author": 103,
      "text": "Посмотрел фильм. \n— На свете есть два типа людей: те, кто копает и те, у кого заряжен револьвер.\nПойду копать, как велел Клинт. \nДевять баллов.",
      "score": 9,
      "pub_date": "2019-09-24T21:08:21.567Z"
    }
  },
  {
    "model": "titles.review",
    "pk": 10,
    "fields": {
      "title": 6,
      "author": 104,
      "text": "Вечная проблема всех злодеев, болтающих-болтающих-болтающих вместо того, чтобы просто застрелить противника, одним махом решена в этой сцене.\nЗа одно это фильм заслуживает высшего балла\n\"Пришел стрелять - стреляй, а не болтай!\"",
      "score": 10,
      "pub_date": "2019-09-24T21:08:21.567Z"
    }
  },
  {
    "model": "titles.review",
    "pk": 11,
    "fields": {
      "title": 6,
      "author": 100,
      "text": "Фильм про жадных, корыстных, грязных и безнравственных людей, чему он может научить зрителя?!!",
      "score": 2,
      "pub_date": "2019-09-24T21:08:21.567Z"
    }
  },
  {
    "model": "titles.review",
    "pk": 12,
    "fields": {
      "title": 14,
      "author": 101,
      "text": "Недавно именно так я изобрёл вечный двигатель! Чистая правда в фильме, почему он назван \"фантастикой\", это же полнейший реализм!\nВот цитата. Но зачем ему часы в уборной?!\n— В тот день я изобрёл путешествие во времени! Как сейчас помню… Я стоял на унитазе и вешал часы. Вдруг подскользнулся, ударился головой о раковину",
      "score": 8,
      "pub_date": "2019-09-24T21:08:21.567Z"
    }
  },
  {
    "model": "titles.review",
    "pk": 13,
    "fields": {
      "title": 14,
      "author": 102,
      "text": "Великий фильм, жаль только, что будущее, которое в нём показано, уже в прошлом. Но проблемы всё теже, вот как эта, например: «Док, послушай, всё, что нам нужно — это немного плутония!»\nВсегда не хватает какой-нибудь мелочи. Семёрка за то, что будущее оказалось не таким, как обещали.",
      "score": 7,
      "pub_date": "2019-09-24T21:08:21.567Z"
    }
  },
  {
    "model": "titles.review",
    "pk": 14,
    "fields": {
      "title": 14,
      "author": 103,
      "text": "Будущее выглядит странно и неожиданно, тоже мне, бином Ньютона. Но диалог прекрасен, и за это не стану сильно минусовать.\n-- Then tell me, future boy, who's President of the United States in 1985?\n-- Ronald Reagan.\n-- Ronald Reagan? The actor? Then who's vice president? Jerry Lewis?",
      "score": 4,
      "pub_date": "2019-09-24T21:08:21.567Z"
    }
  },
  {
    "model": "titles.review",
    "pk": 15,
    "fields": {
      "title": 17,
      "author": 104,
      "text": "Неужели из тюрьмы так легко было сбежать? Раз - и ты на свободе. Да, побег из Шоушенка пришлось готовить немного дольше. Пять за соцреализм",
      "score": 5,
      "pub_date": "2019-09-24T21:08:21.567Z"
    }
  },
  {
    "model": "titles.review",
    "pk": 16,
    "fields": {
      "title": 3,
      "author": 100,
      "text": "Сходила в кино, решила написать: драйв и огонь, но иногда какой-то бред на экране. В середине фильма просто отличные диалоги! Пусть будет 7",
      "score": 7,
      "pub_date": "2019-09-24T21:08:21.567Z"
    }
  },
  {
    "model": "titles.review",
    "pk": 17,
    "fields": {
      "title": 3,
      "author": 101,
      "text": "Смотрел, не отрываясь, хочу описать свои впечатления. По моему мнению, сценарий подкачал, зато подбор актёров - супер. Начало немного затянуто. Оператору - Оскара! Всё остальное - не очень. Фильм тянет на 8 из 10",
      "score": 8,
      "pub_date": "2019-09-24T21:08:21.567Z"
    }
  },
  {
    "model": "titles.review",
    "pk": 18,
    "fields": {
      "title": 4,
      "author": 102,
      "text": "Скачал, посмотрел, думаю, что актёры так себе, сценарий хороший. Диалоги прекрасные, так что пусть будет восемь звезд",
      "score": 8,
      "pub_date": "2019-09-24T21:08:21.567Z"
    }
  },
  {
    "model": "titles.review",
    "pk": 19,
    "fields": {
      "title": 4,
      "author": 103,
      "text": "Посмотрел. По моему мнению, актёры так себе, но сценарий хороший. Первую половину фильма можно спать, не опасаясь, что что-то пропустишь. Не раздумывая, ставлю уверенную десятку",
      "score": 10,
      "pub_date": "2019-09-24T21:08:21.567Z"
    }
  },
  {
    "model": "titles.review",
    "pk": 20,
    "fields": {
      "title": 7,
      "author": 104,
      "text": "Скажу тем, кто ещё не смотрел: если бы я был режиссёром этого фильма - я бы не гордился. Оператора уволить, фильм получился так себе, но один раз посмотреть - сойдёт. Авторы честно заслужили 5 из 10",
      "score": 5,
      "pub_date": "2019-09-24T21:08:21.567Z"
    }
  },
  {
    "model": "titles.review",
    "pk": 21,
    "fields": {
      "title": 7,
      "author": 100,
      "text": "Скачал, посмотрел, думаю, что сценарий подкачал, зато подбор актёров - супер. Начало немного затянуто, да и вообще не очень. Фильм едва тянет на 4",
      "score": 4,
      "pub_date": "2019-09-24T21:08:21.567Z"
    }
  },
  {
    "model": "titles.review",
    "pk": 22,
    "fields": {
      "title": 8,
      "author": 101,
      "text": "Мне кажется, что я впустую потерял время. Ставлю 2",
      "score": 2,
      "pub_date": "2019-09-24T21:08:21.567Z"
    }
  },
  {
    "model": "titles.review",
    "pk": 23,
    "fields": {
      "title": 8,
      "author": 102,
      "text": "Посмотрела. Актёры так себе, сценарий хороший. Уснула к середине. Не раздумывая, ставлю двойку ",
      "score": 2,
      "pub_date": "2019-09-24T21:08:21.567Z"
    }
  },
  {
    "model": "titles.review",
    "pk": 24,
    "fields": {
      "title": 9,
      "author": 103,
      "text": "Все очень долго ждали премьеру фильма,и наконец дождались.Фильм отличный,добрый,смотрится почти на одном дыхании,с завязанным сюжетом и не менее крутой музыкой.Кино очень понравилось!!!Всем советую.",
      "score": 10,
      "pub_date": "2019-09-24T21:08:21.567Z"
    }
  },
  {
    "model": "titles.review",
    "pk": 25,
    "fields": {
      "title": 9,
      "author": 104,
      "text": "Отстой-фильм. Не ходите",
      "score": 1,
      "pub_date": "2019-09-24T21:08:21.567Z"
    }
  },
  {
    "model": "titles.review",
    "pk": 26,
    "fields": {
      "title": 9,
      "author": 100,
      "text": "Для людей, которые хотят посмеяться и получить море эмоций, тот самый фильм. Мне очень понравился.",
      "score": 10,
      "pub_date": "2019-09-24T21:08:21.567Z"
    }
  },
  {
    "model": "titles.review",
    "pk": 27,
    "fields": {
      "title": 10,
      "author": 101,
      "text": "Первый раз в жизни решила написать отзыв,чтобы предостеречь от потери денег на билет и траты времени на просмотр. К игре актеров претензий нет",
      "score": 2,
      "pub_date": "2019-09-24T21:08:21.567Z"
    }
  },
  {
    "model": "titles.review",
    "pk": 28,
    "fields": {
      "title": 10,
      "author": 102,
      "text": "2 часа смотрятся на одном дыхании. Спецэффекты на уровне фильмов Марвела. Смотрели всей семьей. Посмотрел несколько отзывов, понял , что фильм стоит посмотреть",
      "score": 10,
      "pub_date": "2019-09-24T21:08:21.567Z"
    }
  },
  {
    "model": "titles.review",
    "pk": 29,
    "fields": {
      "title": 11,
      "author": 103,
      "text": "Действия персонажей вызывают постоянный вопросы - что и зачем они это делают. Логики просто нет. После половины фильма уже хочется уйти",
      "score": 1,
      "pub_date": "2019-09-24T21:08:21.567Z"
    }
  },
  {
    "model": "titles.review",
    "pk": 30,
    "fields": {
      "title": 11,
      "author": 104,
      "text": "Лучший фильм, однозначно. Шедевр. Но следует понимать, что это не кино под пиво для молодежи. Стильно снято, на одном дыхании\nсмотрится, персонажи великолепны",
      "score": 10,
      "pub_date": "2019-09-24T21:08:21.567Z"
    }
  },
  {
    "model": "titles.review",
    "pk": 31,
    "fields": {
      "title": 11,
      "author": 100,
      "text": "Тупее не видел, смотреть не интересно скучняк",
      "score": 1,
      "pub_date": "2019-09-24T21:08:21.567Z"
    }
  },
  {
    "model": "titles.review",
    "pk": 32,
    "fields": {
      "title": 12,
      "author": 101,
      "text": "Фильм интересный,но не доработанный.Остроты сюжета не хватает",
      "score": 8,
      "pub_date": "2019-09-24T21:08:21.567Z"
    }
  },
  {
    "model": "titles.review",
    "pk": 33,
    "fields": {
      "title": 12,
      "author": 102,
      "text": "Самая сильная картина за последнее время. Фильм заставляет плакать, радоваться, грустить, держит в напряжении",
      "score": 10,
      "pub_date": "2019-09-24T21:08:21.567Z"
    }
  },
  {
    "model": "titles.review",
    "pk": 34,
    "fields": {
      "title": 12,
      "author": 103,
      "text": "С огромным удовольствием сходила в кинотеатр. Одноразовые фильмы, названия которых забываешь на выходе из дверей кинозала, разочаровывают. И вот настоящий, душевный, жизненный фильм. Игра акторов и сюжет бомбические.",
      "score": 9,
      "pub_date": "2019-09-24T21:08:21.567Z"
    }
  },
  {
    "model": "titles.review",
    "pk": 35,
    "fields": {
      "title": 13,
      "author": 104,
      "text": "Что сказать после просмотра? Ничего. Такое ощущение, что тебя обманули, заставили смотреть за твои деньги на стену",
      "score": 1,
      "pub_date": "2019-09-24T21:08:21.567Z"
    }
  },
  {
    "model": "titles.review",
    "pk": 36,
    "fields": {
      "title": 13,
      "author": 100,
      "text": "Хотелось уйти уже на двадцатой минуте. Неинтересно и нудно. Режиссура не впечатлила, ну просто неинтересно смотреть было",
      "score": 2,
      "pub_date": "2019-09-24T21:08:21.567Z"
    }
  },
  {
    "model": "titles.review",
    "pk": 37,
    "fields": {
      "title": 13,
      "author": 101,
      "text": "Фильм стоит увидеть тем, кому интересно современное кино. Не скучно, не затянуто, понравилась операторская работа, некоторые сцены сделаны на хорошем уровне",
      "score": 8,
      "pub_date": "2019-09-24T21:08:21.567Z"
    }
  },
  {
    "model": "titles.review",
    "pk": 38,
    "fields": {
      "title": 15,
      "author": 102,
      "text": "Муторно и тяжело. Ставлю 2",
      "score": 2,
      "pub_date": "2019-09-24T21:08:21.567Z"
    }
  },
  {
    "model": "titles.review",
    "pk": 39,
    "fields": {
      "title": 15,
      "author": 103,
      "text": "Фильм не оправдал ожиданий. Сплошная каша, слабый сценарий. С трудом досмотрела до конца. Ожидала нечто такого интересного и захватывающее. Полное разочарование. Отдельные несвязные сцены, непонятные диалоги",
      "score": 3,
      "pub_date": "2019-09-24T21:08:21.567Z"
    }
  },
  {
    "model": "titles.review",
    "pk": 40,
    "fields": {
      "title": 15,
      "author": 104,
      "text": "Мне фильм понравился. Все качественно,красиво. Игра актеров, в основном, очень даже. Но слишком много, для меня кровавых сцен,слабонервным просьба не смотреть",
      "score": 9,
      "pub_date": "2019-09-24T21:08:21.567Z"
    }
  },
  {
    "model": "titles.review",
    "pk": 41,
    "fields": {
      "title": 16,
      "author": 100,
      "text": "Зря потерянное время! Эмоции после просмотра, - безысходность, ничего уже не изменишь. Фильм вообще никакой!!!\nИ поставили его люди бездарные и никчёмные!!!",
      "score": 1,
      "pub_date": "2019-09-24T21:08:21.567Z"
    }
  },
  {
    "model": "titles.review",
    "pk": 42,
    "fields": {
      "title": 16,
      "author": 101,
      "text": "После просмотра разочарование граничит с шоком. Бездарный фильм, как предыдущий от этого же режиссера. Не рекомендую никому! Плохо, неправдоподобно, скомкано снято.",
      "score": 2,
      "pub_date": "2019-09-24T21:08:21.567Z"
    }
  },
  {
    "model": "titles.review",
    "pk": 43,
    "fields": {
      "title": 16,
      "author": 102,
      "text": "Фильм мощный. Главное - не занимать чью-то позицию, а смотреть со стороны. Впервые вижу, чтобы было так детально показаны переживания и эмоции каждого героя. Все на своем месте. Актеры и графика на высоте.",
      "score": 10,
      "pub_date": "2019-09-24T21:08:21.567Z"
    }
  },
  {
    "model": "titles.review",
    "pk": 44,
    "fields": {
      "title": 17,
      "author": 103,
      "text": "Если такой жанр вам по вкусу, то даже не сомневайтесь - бегом в кинотеатр! Фильм - огонь! Интересный сюжет, великолепная игра актёров, съёмки просто супер, да и спецэффекты на высоте",
      "score": 10,
      "pub_date": "2019-09-24T21:08:21.567Z"
    }
  },
  {
    "model": "titles.review",
    "pk": 45,
    "fields": {
      "title": 18,
      "author": 104,
      "text": "Сюжет, мысль, философия, игра актеров, эмоции - блеск! Сюжет динамичный, игра актёров хороша, но не идеальна.",
      "score": 8,
      "pub_date": "2019-09-24T21:08:21.567Z"
    }
  },
  {
    "model": "titles.review",
    "pk": 46,
    "fields": {
      "title": 18,
      "author": 100,
      "text": "Разочарованине, вытащила себя в кино, а тут такое. Реклама шла мноообещающая, а в реальности всё не то",
      "score": 2,
      "pub_date": "2019-09-24T21:08:21.567Z"
    }
  },
  {
    "model": "titles.review",
    "pk": 47,
    "fields": {
      "title": 19,
      "author": 101,
      "text": "Неправдоподобный, нелогичный, бессмысленный фильм. Просто никакой, можете даже не смотреть, сути не уловите. Мне понравился",
      "score": 10,
      "pub_date": "2019-09-24T21:08:21.567Z"
    }
  },
  {
    "model": "titles.review",
    "pk": 48,
    "fields": {
      "title": 19,
      "author": 102,
      "text": "Интересно продуманный фильм, цепляет необычным сюжетом. длинный, что бывает не во всех фильмах. Актёры крутые. В общем, посмотреть можно.",
      "score": 8,
      "pub_date": "2019-09-24T21:08:21.567Z"
    }
  },
  {
    "model": "titles.review",
    "pk": 49,
    "fields": {
      "title": 20,
      "author": 103,
      "text": "Внимательно слежу за всеми новыми изданиями, покупаю каждое. Лучший триллер тысячелетия — это «Колобок»",
      "score": 10,
      "pub_date": "2019-09-24T21:08:21.567Z"
    }
  },
  {
    "model": "titles.review",
    "pk": 50,
    "fields": {
      "title": 20,
      "author": 104,
      "text": "А вот у кипчаков «колобок» — шарик из навоза! И сказка приобретает совсем другой смысл! «Не хитри, а то навоза накушаешься!»",
      "score": 10,
      "pub_date": "2019-09-24T21:08:21.567Z"
    }
  },
  {
    "model": "titles.review",
    "pk": 51,
    "fields": {
      "title": 21,
      "author": 100,
      "text": "Прочла от начала до конца, не отрываясь. Ужасная книга, чему она может научить нашу молодёжь.",
      "score": 1,
      "pub_date": "2019-09-24T21:08:21.567Z"
    }
  },
  {
    "model": "titles.review",
    "pk": 52,
    "fields": {
      "title": 21,
      "author": 101,
      "text": "Суровые американские семидесятые в документальном изложении. Как автор дожил до 2005-го года — загадка. Но роман прекрасный. ",
      "score": 10,
      "pub_date": "2019-09-24T21:08:21.567Z"
    }
  },
  {
    "model": "titles.review",
    "pk": 53,
    "fields": {
      "title": 22,
      "author": 102,
      "text": "Многабукуф. Ниасилил. В аннотации написано — «великий роман», так что ставлю максимальную оценку",
      "score": 10,
      "pub_date": "2019-09-24T21:08:21.567Z"
    }
  },
  {
    "model": "titles.review",
    "pk": 54,
    "fields": {
      "title": 22,
      "author": 103,
      "text": "Если такой жанр вам по вкусу, то даже не сомневайтесь: садитесь читать! Роман - огонь! Интересный сюжет, великолепные персонажи, небо Аустерлица и встреча с дубом",
      "score": 10,
      "pub_date": "2019-09-24T21:08:21.567Z"
    }
  },
  {
    "model": "titles.review",
    "pk": 55,
    "fields": {
      "title": 22,
      "author": 104,
      "text": "Я ВиМ в школе читал (заставляли), а потом опять случайно прочёл, и оказалось, что он и правла великий, а не просто так. Не ставлю десятку только в память о школьных мучениях",
      "score": 8,
      "pub_date": "2019-09-24T21:08:21.567Z"
    }
  },
  {
    "model": "titles.review",
    "pk": 56,
    "fields": {
      "title": 23,
      "author": 100,
      "text": "Ничего не понял",
      "score": 3,
      "pub_date": "2019-09-24T21:08:21.567Z"
    }
  },
  {
    "model": "titles.review",
    "pk": 57,
    "fields": {
      "title": 23,
      "author": 101,
      "text": "Не понял вообще ничего",
      "score": 1,
      "pub_date": "2019-09-24T21:08:21.567Z"
    }
  },
  {
    "model": "titles.review",
    "pk": 58,
    "fields": {
      "title": 23,
      "author": 102,
      "text": "Совсем непонятно, но здорово",
      "score": 8,
      "pub_date": "2019-09-24T21:08:21.567Z"
    }
  },
  {
    "model": "titles.review",
    "pk": 59,
    "fields": {
      "title": 23,
      "author": 103,
      "text": "Что это было?! Десятка за уровень непонятности",
      "score": 10,
      "pub_date": "2019-09-24T21:08:21.567Z"
    }
  },
  {
    "model": "titles.review",
    "pk": 60,
    "fields": {
      "title": 23,
      "author": 104,
      "text": "Детально комментировать не буду, но это шедевр",
      "score": 10,
      "pub_date": "2019-09-24T21:08:21.567Z"
    }
  },
  {
    "model": "titles.review",
    "pk": 61,
    "fields": {
      "title": 23,
      "author": 100,
      "text": "Один день уместился всего в один том. Автору и книге — максимальную оценку за лаконичность",
      "score": 10,
      "pub_date": "2019-09-24T21:08:21.567Z"
    }
  },
  {
    "model": "titles.review",
    "pk": 62,
    "fields": {
      "title": 23,
      "author": 101,
      "text": "Одиссей без сирен и золотого руна. Куда автор подевал классический сюжет и почему там везде Ирландия?! Деньги дерут, а корицу жалеют.",
      "score": 3,
      "pub_date": "2019-09-24T21:08:21.567Z"
    }
  },
  {
    "model": "titles.review",
    "pk": 63,
    "fields": {
      "title": 24,
      "author": 102,
      "text": "Не может быть такого. Это всё придумано, автор попытался обмануть читателя, но мы, читатели, умнее его. Нас вокруг пальца не обведёшь!!",
      "score": 2,
      "pub_date": "2019-09-24T21:08:21.567Z"
    }
  },
  {
    "model": "titles.review",
    "pk": 64,
    "fields": {
      "title": 24,
      "author": 103,
      "text": "Всё совершенно не так, как на самом деле, и в документальной повести это хорошо описано",
      "score": 9,
      "pub_date": "2019-09-24T21:08:21.567Z"
    }
  },
  {
    "model": "titles.review",
    "pk": 65,
    "fields": {
      "title": 25,
      "author": 104,
      "text": "Если бы я только мог на минутку перестать бумкать головой по ступенькам и как следует сосредоточиться — я бы написал прекрасный отзыв. Но увы — сосредоточиться-то мне и некогда: учёба, работа. Просто поставлю пятёрку",
      "score": 10,
      "pub_date": "2019-09-24T21:08:21.567Z"
    }
  },
  {
    "model": "titles.review",
    "pk": 66,
    "fields": {
      "title": 25,
      "author": 100,
      "text": "Это просто «Война и мир» для детей. Читать всем",
      "score": 10,
      "pub_date": "2019-09-24T21:08:21.567Z"
    }
  },
  {
    "model": "titles.review",
    "pk": 67,
    "fields": {
      "title": 26,
      "author": 101,
      "text": "Слушаю и плачу. Плачу, но слушаю",
      "score": 10,
      "pub_date": "2019-09-24T21:08:21.567Z"
    }
  },
  {
    "model": "titles.review",
    "pk": 68,
    "fields": {
      "title": 27,
      "author": 102,
      "text": "Какой-то непонятный шум. Неужели это кто-то слушает?",
      "score": 1,
      "pub_date": "2019-09-24T21:08:21.567Z"
    }
  },
  {
    "model": "titles.review",
    "pk": 69,
    "fields": {
      "title": 27,
      "author": 103,
      "text": "Ничего не понятно. О чём эта песня, чему она учит?",
      "score": 2,
      "pub_date": "2019-09-24T21:08:21.567Z"
    }
  },
  {
    "model": "titles.review",
    "pk": 70,
    "fields": {
      "title": 28,
      "author": 104,
      "text": "Йэн Андерсон великий!!!!!!!!1111",
      "score": 10,
      "pub_date": "2019-09-24T21:08:21.567Z"
    }
  },
  {
    "model": "titles.review",
    "pk": 71,
    "fields": {
      "title": 28,
      "author": 100,
      "text": "Неужели песню про аквалангистов перевели на английский?! Ну наконец-то! Аквалангисты — это хорошо!",
      "score": 10,
      "pub_date": "2019-09-24T21:08:21.567Z"
    }
  },
  {
    "model": "titles.review",
    "pk": 72,
    "fields": {
      "title": 29,
      "author": 101,
      "text": "Мы прыгали, вертелись и кружились так, что пол ходил ходуном!",
      "score": 10,
      "pub_date": "2019-09-24T21:08:21.567Z"
    }
  },
  {
    "model": "titles.review",
    "pk": 73,
    "fields": {
      "title": 30,
      "author": 104,
      "text": "Это единственный риф, который я умею играть на своей супердорогой гитаре! Моя любимая песня",
      "score": 10,
      "pub_date": "2019-09-24T21:08:21.567Z"
    }
  },
  {
    "model": "titles.review",
    "pk": 74,
    "fields": {
      "title": 31,
      "author": 100,
      "text": "Странно: Моцарт - австриец, а марш - турецкий. Не понимаю, как так вышло. Звучит красиво, но за географическую путаницу ставлю восемь",
      "score": 8,
      "pub_date": "2019-09-24T21:08:21.567Z"
    }
  },
  {
    "model": "titles.review",
    "pk": 75,
    "fields": {
      "title": 32,
      "author": 102,
      "text": "Бах forever. Это вам не три аккорда на гитаре, как у смок он зе вотер",
      "score": 10,
      "pub_date": "2019-09-24T21:08:21.567Z"
    }
  },
  {
    "model": "titles.review",
    "pk": 76,
    "fields": {
      "title": 1,
      "author": 105,
      "text": "Очень понравилось",
      "score": 3,
      "pub_date": "2023-03-31T19:10:53.327Z"
    }
  },
  {
    "model": "titles.comment",
    "pk": 1,
    "fields": {
      "review": 6,
      "author": 102,
      "text": "Ничего подобного, в фильме всё не так, и программирование тут вообще ни при чём!",
      "pub_date": "2020-01-13T23:20:02.422Z"
    }
  },
  {
    "model": "titles.comment",
    "pk": 2,
    "fields": {
      "review": 6,
      "author": 101,
      "text": "Ну надо же, не нашлось ничего лучшего, кроме как прокомментировать разговор про гамбургеры, будто в фильме ничего важнее этого нет",
      "pub_date": "2020-01-13T23:20:02.422Z"
    }
  },
  {
    "model": "titles.comment",
    "pk": 3,
    "fields": {
      "review": 6,
      "author": 103,
      "text": "Кстати, а что такое \"четверть фунта\"? В граммах это сколько?",
      "pub_date": "2020-01-13T23:20:02.422Z"
    }
  },
  {
    "model": "titles.comment",
    "pk": 4,
    "fields": {
      "review": 50,
      "author": 100,
      "text": "Вот это да, никогда не слышал об этом! Спасибо за информацию",
      "pub_date": "2020-01-13T23:20:02.422Z"
    }
  },
  {
    "model": "titles.comment",
    "pk": 5,
    "fields": {
      "review": 50,
      "author": 103,
      "text": "Почему обязательно  нужно любой разговор сводить к навозу? Хорошая детская сказка, ва вы тут пишете про какие-то субстанции неприятные. Фу таким быть.",
      "pub_date": "2020-01-13T23:20:02.422Z"
    }
  },
  {
    "model": "users.mytitlesuser",
    "pk": 100,
    "fields": {
      "password": "12345",
      "last_login": null,
      "is_superuser": false,
      "first_name": "",
      "last_name": "",
      "is_staff": false,
      "is_active": true,
      "date_joined": "2023-03-29T19:20:08.467Z",
      "username": "bingobongo",
      "bio": "",
      "email": "bingobongo@yamdb.fake",
      "role": "user",
      "groups": [],
      "user_permissions": []
    }
  },
  {
    "model": "users.mytitlesuser",
    "pk": 101,
    "fields": {
      "password": "12345",
      "last_login": null,
      "is_superuser": true,
      "first_name": "",
      "last_name": "",
      "is_staff": true,
      "is_active": true,
      "date_joined": "2023-03-29T19:20:08.467Z",
      "username": "capt_obvious",
      "bio": "",
      "email": "capt_obvious@yamdb.fake",
      "role": "admin",
      "groups": [],
      "user_permissions": []
    }
  },
  {
    "model": "users.mytitlesuser",
    "pk": 102,
    "fields": {
      "password": "12345",
      "last_login": null,
      "is_superuser": false,
      "first_name": "",
      "last_name": "",
      "is_staff": false,
      "is_active": true,
      "date_joined": "2023-03-29T19:20:08.467Z",
      "username": "faust",
      "bio": "",
      "email": "faust@yamdb.fake",
      "role": "user",
      "groups": [],
      "user_permissions": []
    }
  },
  {
    "model": "users.mytitlesuser",
    "pk": 103,
    "fields": {
      "password": "12345",
      "last_login": null,
      "is_superuser": false,
      "first_name": "Tolyan",
      "last_name": "",
      "is_staff": false,
      "is_active": true,
      "date_joined": "2023-03-29T19:20:08.467Z",
      "username": "reviewer",
      "bio": "",
      "email": "reviewer@yamdb.fake",
      "role": "user",
      "groups": [],
      "user_permissions": []
    }
  },
  {
    "model": "users.mytitlesuser",
    "pk": 104,
    "fields": {
      "password": "12345",
      "last_login": null,
      "is_superuser": false,
      "first_name": "",
      "last_name": "",
      "is_staff": true,
      "is_active": true,
      "date_joined": "2023-03-29T19:20:08.467Z",
      "username": "angry",
      "bio": "",
      "email": "angry@yamdb.fake",
      "role": "moderator",
      "groups": [],
      "user_permissions": []
    }
  },
  {
    "model": "users.mytitlesuser",
    "pk": 105,
    "fields": {
      "password": "pbkdf2_sha256$390000$Pa6QEXd3HMTu1BFAEYuZ5e$s5xA2TfkbfXCN8eNbZpa20Urqu35ObVBd6B0sd4sq/0=",
      "last_login": "2023-05-14T10:07:53.531Z",
      "is_superuser": true,
      "first_name": "",
      "last_name": "",
      "is_staff": true,
      "is_active": true,
      "date_joined": "2023-03-29T16:42:39.185Z",
      "username": null,
      "bio": null,
      "email": "admin@mail.com",
      "role": "django_admin",
      "groups": [],
      "user_permissions": []
    }
  },
  {
    "model": "users.mytitlesuser",
    "pk": 106,
    "fields": {
      "password": "pbkdf2_sha256$390000$z4UmEPz9kkTDldw5Oc9aM7$oMa8agvSoke+6mrDw/oDMgdFclkWB9Tdz/ha8gFLWF8=",
      "last_login": null,
      "is_superuser": false,
      "first_name": "Petro",
      "last_name": "Petrovchenko",
      "is_staff": false,
      "is_active": true,
      "date_joined": "2023-04-03T10:13:04.633Z",
      "username": "petro124",
      "bio": "Designer from San-Francisco, 23 y.o.",
      "email": "aaa@mail.com",
      "role": "user",
      "groups": [],
      "user_permissions": []
    }
  },
  {
    "model": "users.mytitlesuser",
    "pk": 107,
    "fields": {
      "password": "pbkdf2_sha256$390000$636qXdTETfnnEZDv95Elhm$F6C3gv4cg2rWbdh1iSQG0TgejGo/uUtkRW/gskA4vvk=",
      "last_login": null,
      "is_superuser": false,
      "first_name": "",
      "last_name": "",
      "is_staff": false,
      "is_active": true,
      "date_joined": "2023-04-08T10:50:56.093Z",
      "username": null,
      "bio": null,
      "email": "bbb@mail.com",
      "role": "user",
      "groups": [],
      "user_permissions": []
    }
  }
]